id,device_id,record_oid,count_start_date,count_end_date,average_daily_car_traffic,average_daily_bike_traffic,counter_number,counter_type,speed_limit,max_speed,median_speed,percent_over_limit,speed85_percent,speed95_percent,longitude,latitude,neighborhood,council_district,ward,tract,public_works_division,pli_division,police_zone,fire_zone
1011743669,85,1445865260,2019-04-18,2019-04-26,4949,,6,StatTrak,25,,29,77,34,37,-79.96777201,40.45573295,Polish Hill,7,6,42003060500,6,6,2,2-6
1026101993,140,1121444006,2019-01-24,,,,,Intersection Study,,,,,,,-79.9522495,40.46615676,Central Lawrenceville,7,9,42003090200,2,9,2,3-6
1032382575,11,1539892711,2018-08-28,2018-09-04,,,,,35,63,33,28,38,41,-80.07646887,40.46071714,Windgap,2,28,42003563000,5,28,6,1-16
103627606,9,734195080,2018-07-17,2018-08-01,2741,,,StatTrak,25,61,28,70,31,33,-79.91433497,40.43737854,Squirrel Hill South,5,14,42003140800,3,14,4,2-18
1039546167,144,,,,,,,,,,,,,,-80.01921111,40.49079426,Perry North,1,26,42003260200,1,26,1,1-15
1041392556,76,571347213,2019-03-22,2019-03-29,1046,,2,StatTrak,25,,19,2,21,23,-80.01423363,40.45810596,Central Northside,6,25,42003250300,1,25,1,1-21
1047444948,17,1366891391,2018-10-18,,,,,,25,,,,,,-79.94227261,40.44628196,Squirrel Hill North,8,14,42003140100,3,14,4,2-26
1053645660,87,804208919,2019-04-18,2019-04-26,3015,,4,StatTrak,25,,26,58,31,34,-79.96459248,40.45711932,Polish Hill,7,6,42003060500,6,6,2,2-6
1073440033,156,1736165318,2017-07-28,,,,,Intersection Study,,,,,,,-79.96038525,40.43898325,Central Oakland,3,4,42003040500,3,4,4,2-14
1092885547,143,,,,,,,,,,,,,,-79.9209585,40.467294,East Liberty,9,11,42003111300,2,11,5,3-8
1102260248,8,1088318339,2018-07-16,2018-08-01,5592,,,StatTrak,25,61,28,70,31,33,-79.91192545,40.43562019,Squirrel Hill South,5,14,42003140800,3,14,4,2-21
1110382210,47,106669941,2019-05-31,2019-06-06,,,,StatTrak,25,,29,75,35,38,-79.92737032,40.42372166,Greenfield,5,15,42003151700,3,15,4,2-15
1117908706,130,1566356938,2018-06-04,,,,,Intersection Study,,,,,,,-79.98551968,40.43679226,Bluff,6,1,42003010300,3,1,2,2-4
1130122192,65,1341476139,2019-02-05,2019-02-14,1455,,,StatTrak,25,,22,23,28,32,-79.97955406,40.43648236,Bluff,6,1,42003010300,3,1,2,2-1
115502120,176,1215642552,2019-08-09,2019-08-19,11500,,5,StatTrak,25,,37,98,41,44,-80.05240317,40.45192582,Crafton Heights,2,20,42003281400,5,20,6,1-16
1155507145,72,1207664438,2019-02-14,2019-02-21,6793,,1,StatTrak,25,,26,,30,,-79.94374469,40.45270903,Shadyside,8,7,42003070900,2,7,4,3-22
1156129090,159,,,,,,,,,,,,,,-79.9576785,40.48178403,Upper Lawrenceville,7,10,42003101100,2,10,2,3-5
1158858353,36,1131386560,2018-06-25,2018-07-12,7688,,,StatTrak,25,64,32,92,35,38,-79.92331564,40.47816127,Highland Park,7,11,42003110200,2,11,5,3-9
1159852619,118,1024536191,2019-07-09,2019-07-12,10350,,12,StatTrak,25,,29,78,34,39,-80.00193738,40.4478489,North Shore,1,22,42003563200,6,22,1,1-20
1181317290,50,547249635,2018-12-28,2019-01-10,9435,,11,StatTrak,25,,29,79,34,38,-79.9269309,40.47015706,East Liberty,9,11,42003111300,2,11,5,3-8
1195830691,23,914441129,2019-12-15,2019-12-24,3860,,2,StatTrak,25,,24,36,29,34,-80.00955705,40.4331717,Mount Washington,2,19,42003190300,5,19,3,4-27
1204353487,173,604849055,2019-08-09,2019-08-19,9709,,6,StatTrak,25,,29,79,34,36,-80.01587315,40.40252762,Brookline,4,19,42003191700,5,19,6,4-26
1212908013,18,2140917772,2018-09-21,2018-10-17,,,,Tube,25,,,,,,-80.00338687,40.43293366,South Shore,3,19,42003980700,5,19,3,4-2
1234866649,20,1631657541,2018-09-21,2018-10-17,,,,Tube,,,,,,,-79.99510153,40.43430152,Bluff,6,1,42003010300,6,1,2,2-4
1241651644,137,1512307687,2019-06-06,,,,,Intersection Study,,,,,,,-79.96011943,40.44050937,Central Oakland,3,4,42003040500,3,4,4,2-14
1263398518,202,1714736490,2019-11-04,2019-11-13,613,,2,StatTrak,25,,22,25,27,31,-79.92741399,40.45231499,Shadyside,8,7,42003070600,2,7,4,3-11
1292111053,179,1825903801,2019-08-30,2019-09-09,1163,,15,StatTrak,25,,25,44,29,32,-79.92397388,40.46907146,East Liberty,9,11,42003111300,2,11,5,3-8
129975666,169,403208613,2019-08-01,2019-08-09,7686,,3,StatTrak,25,,30,89,35,38,-80.01423835,40.42978268,Mount Washington,2,19,42003190300,5,19,3,4-1
1317856239,128,1699722646,2018-11-06,,,,,Intersection Study,,,,,,,-79.96180918,40.42477666,South Side Flats,3,16,42003160900,3,16,3,4-24
1329900951,133,1615505629,2019-07-18,2019-07-26,3239,,2,StatTrak,25,,27,62,32,35,-79.91652254,40.44443596,Squirrel Hill North,8,14,42003140300,3,14,4,2-18
133236567,73,1441617442,2019-02-14,2019-02-22,1120,,CHECK # AND DIRECTION,StatTrak,25,,21,17,26,29,-79.94571343,40.45549902,Bloomfield,7,8,42003080400,2,8,5,2-23
1345473232,26,1550819866,2018-11-14,2018-11-20,9546,,,StatTrak,25,59,28,68,31,34,-79.92779001,40.43688097,Squirrel Hill South,5,14,42003141300,3,14,4,2-21
1354544991,114,87062605,2019-06-28,2019-07-05,6984,,14,StatTrak,35,,29,14,35,39,-79.9406417,40.4563822,Bloomfield,7,8,42003080400,2,8,5,3-1
137432711,61,1367249115,2019-03-07,2019-03-14,8512,,1,StatTrak,25,30,26,52,31,35,-79.91439666,40.46062267,Larimer,9,12,42003120800,2,12,5,3-10
1400409572,106,677650724,2019-06-13,2019-06-20,4448,,,StatTrak,25,,28,68,25,,-79.93595346,40.46180227,Friendship,9,8,42003080700,2,8,5,3-23
1408140580,212,1715086530,2019-06-11,2019-06-11,,2063,Tuesday SPC video data,,,,,,,,-79.95862613,40.43102343,South Oakland,3,4,42003980800,3,4,4,2-2
1412494129,116,159026183,2019-07-05,2019-07-11,3150,,6,StatTrak,,,34,95,39,43,-79.93727559,40.43804843,Squirrel Hill North,5,14,42003140100,3,14,4,2-8
1419330323,92,1083199734,2019-04-26,2019-05-04,12335,,,StatTrak,25,,31,87,36,39,-79.89620029,40.4444114,Point Breeze,9,14,42003140600,3,14,4,3-14
1432224337,150,2014846017,,,,,,StatTrak,25,,,,,,-80.04879395,40.43135694,Westwood,2,28,42003563100,5,28,6,1-18
144345379,192,383914084,2019-10-14,2019-10-21,16729,,3,StatTrak,25,,30,86,35,38,-79.89667461,40.43681375,Regent Square,5,14,42003141000,3,14,4,2-16
1463283046,115,665615900,2019-06-28,2019-07-05,8911,,15,StatTrak,,,27,,33,37,-79.93166971,40.45903735,East Liberty,7,8,42003111500,2,8,5,3-23
1466903750,3,2009670262,2018-09-13,2018-09-20,8407,,,StatTrak,25,77,32,97,36,39,-79.92819,40.46931,East Liberty,9,11,42003111300,2,11,5,3-4
1468921509,132,1461288045,2019-07-18,2019-07-26,1265,,1,StatTrak,25,,26,56,30,33,-79.91650754,40.44561249,Point Breeze,8,14,42003140400,3,14,4,2-17
1503643471,55,1966066309,2019-01-14,2019-01-22,1786,,14,StatTrak,25,,18,4,21,24,-79.96050515,40.47360042,Central Lawrenceville,7,9,42003090100,2,9,2,3-3
1530178639,68,676704832,2019-02-05,2019-02-14,,,,StatTrak,,,,,,,-79.98086521,40.43660264,Bluff,6,1,42003010300,3,1,2,2-1
1533566550,196,1464305119,2019-10-21,2019-10-29,527,,4,StatTrak,25,,23,25,27,30,-79.98968666,40.41812496,Knoxville,3,30,42003300100,5,30,3,4-6
1566340195,24,1549751514,2019-10-21,2019-10-28,3776,,5,StatTrak,25,,25,47,30,33,-79.9493951,40.44112373,Central Oakland,5,4,42003040600,3,4,4,2-8
1568219989,31,2101724073,2019-01-14,2019-01-22,6443,,,StatTrak,25,,25,47,32,36,-79.98064703,40.45349731,Strip District,7,2,42003020300,6,2,2,2-25
1581659026,7,371546790,2018-10-19,2018-11-08,,198,,Tube,,,,,,,-79.95142134,40.44225095,Central Oakland,3,4,42003982200,3,4,4,2-8
1591011355,165,,,,,,,,,,,,,,-79.96331914,40.43938259,West Oakland,6,4,42003040200,3,4,4,2-14
1592268905,111,242374247,2019-06-28,2019-07-05,6984,,11,StatTrak,35,,30,14,35,39,-79.95007952,40.45402427,Bloomfield,7,8,42003080400,2,8,5,2-23
1598018270,71,1717624375,2019-02-14,2019-02-18,,,2,StatTrak,,,,,,,-79.94205758,40.45106804,Shadyside,8,7,42003070900,2,7,4,3-22
1604686268,37,1114667008,2018-06-05,2018-06-21,976,,,StatTrak,25,,27.2,,28.7,29.8,-79.92591208,40.42485559,Greenfield,5,15,42003151700,3,15,4,2-15
1628179164,14,747494082,2018-06-05,2018-06-21,,,,,,,,,,,-79.92618443,40.42126864,Greenfield,5,15,42003151700,3,15,4,2-15
1635967977,12,1029658716,2019-12-12,2019-12-24,1080,,16,StatTrak,25,,24,39,31,36,-79.9155315,40.471092,Highland Park,7,11,42003110600,2,11,5,3-9
1658184502,60,1739195149,2019-03-08,2019-03-14,1218,,5,StatTrak,25,,19,10,24,27,-79.91288926,40.46107368,Larimer,9,12,42003120800,2,12,5,3-12
1667548447,62,1755445415,2019-03-07,2019-03-14,728,,2,StatTrak,25,,22,22,27,29,-79.91397019,40.46013288,Larimer,9,12,42003120800,2,12,5,3-10
1669534769,10,1211728398,2018-08-20,2018-09-04,2931,,,StatTrak,25,73,32,44,36,40,-80.07339585,40.45766034,Windgap,2,28,42003563000,5,28,6,1-16
1670424503,45,256296411,2018-12-11,2018-12-20,2046,,2,StatTrak,25,56,30,85,35,38,-80.02553687,40.40494914,Beechview,4,19,42003192000,5,19,6,4-28
1679750822,146,1502387803,,,,,,StatTrak,25,,,,,,-79.9654313,40.41840112,South Side Slopes,3,16,42003160800,3,16,3,4-22
1683704966,74,2021427153,2019-02-14,2019-02-22,7111,,,StatTrak,25,,32,91,38,41,-79.94753931,40.45629549,Bloomfield,7,8,42003080400,2,8,5,2-23
1691716209,33,104424121,2019-12-12,2019-12-24,1530,,5,StatTrak,25,,22,15,25,28,-79.96058225,40.45581498,Upper Hill,6,5,42003050600,3,5,2,2-22
1706030566,131,461114479,2018-12-04,,,,,Intersection Study,,,,,,,-79.92916037,40.46265524,East Liberty,9,8,42003111500,2,8,5,3-23
1715881199,134,892947564,2019-08-30,2019-09-09,781,,12,StatTrak,25,,24,35,28,31,-79.91884232,40.44270124,Squirrel Hill North,8,14,42003140300,3,14,4,2-18
1717007839,155,296679783,2017-08-04,,,,,Intersection Study,,,,,,,-79.98924526,40.44881881,Strip District,7,2,42003020300,6,2,2,2-3
1719894567,52,647961876,2019-01-02,2019-01-10,5490,,13,StatTrak,25,,33,96,37,39,-79.91556754,40.43463262,Squirrel Hill South,5,14,42003140800,3,14,4,2-21
1748063787,138,2093126519,2019-06-06,,,,,Intersection Study,,,,,,,-79.96322543,40.44463282,North Oakland,8,4,42003982200,3,4,4,2-10
1762392161,117,445302996,2019-07-09,2019-07-12,,,1,StatTrak,25,,31,89,36,39,-80.00378538,40.44698296,North Shore,1,22,42003563200,6,22,1,1-20
1764179882,218,2070392086,2019-11-22,2019-12-04,4016,,3,StatTrak,25,,33,95,37,40,-79.94220469,40.4807247,Stanton Heights,9,10,42003101800,2,10,5,3-5
1767041391,217,1950664877,2019-11-22,2019-12-04,6090,,2,StatTrak,25,,30,76,35,38,-79.93672854,40.48122548,Stanton Heights,7,10,42003101800,2,10,5,3-7
1768576138,75,648748382,2019-03-22,2019-03-29,9405,,11,StatTrak,25,,39,98,45,50,-80.02854943,40.45486521,Manchester,6,21,42003210700,1,21,1,1-8
1778941167,171,755918726,2019-08-01,2019-08-09,8243,,5,StatTrak,25,,31,92,36,39,-79.98340694,40.42169397,South Side Slopes,3,17,42003170600,3,17,3,4-3
1780264395,154,1346599065,2017-11-30,,,,,Intersection Study,,,,,,,-79.96202491,40.43571895,South Oakland,6,4,42003040900,3,4,4,2-10
1783830298,99,644311719,2019-05-28,2019-06-05,927,,2,StatTrak,25,,22,26,28,32,-79.9358625,40.439286,Squirrel Hill North,8,14,42003140100,3,14,4,2-8
1784275556,108,215436152,2019-06-13,2019-06-20,,,,StatTrak,25,,21,8,24,,-79.92935523,40.4806988,Morningside,7,10,42003101400,2,10,5,3-7
181106020,184,2107178505,2019-09-09,2019-09-17,763,,14,StatTrak,25,,22,20,27,30,-80.02645665,40.40951121,Beechview,4,19,42003191600,5,19,6,4-28
1811704043,164,,,,,,,,,,,,,,-79.94499233,40.40869619,Hazelwood,5,15,42003562900,3,15,4,2-13
1831547274,122,404240136,2019-03-02,,,,,Intersection Study,,,,,,,-79.96256825,40.43853938,South Oakland,6,4,42003040900,3,4,4,2-14
1838413170,208,367296608,2019-11-14,2019-12-04,317,,4,StatTrak,25,,22,21,27,30,-79.91835449,40.47036337,Highland Park,7,11,42003110600,2,11,5,3-9
1858604360,43,1603853069,2018-12-04,2018-12-08,768,,2,StatTrak,25,20,19.3,0,19.5,19.8,-79.96113978,40.45873516,Polish Hill,7,6,42003060500,6,6,2,2-6
1885274692,13,563616731,2019-12-12,2019-12-24,4548,,,StatTrak,,,28,,32,35,-79.91541,40.47216898,Highland Park,7,11,42003110600,2,11,5,3-9
1890248654,182,414168419,2019-09-09,2019-09-17,1410,,11,StatTrak,25,,18,1,20,22,-80.01451118,40.48540243,Perry North,1,26,42003260700,1,26,1,1-15
1892724639,206,1551520471,2019-11-14,2019-11-22,2450,,3,StatTrak,25,,25,43,29,32,-79.93147351,40.4350968,Squirrel Hill South,5,14,42003141300,3,14,4,2-21
1901404544,124,1353107740,2019-07-09,,,,,Intersection Study,,,,,,,-79.96308762,40.46819844,Lower Lawrenceville,7,6,42003060300,2,6,2,3-3
1909253901,200,382287114,2019-11-04,2019-11-13,416,,3,StatTrak,25,,22,21,27,30,-79.93259811,40.44978768,Shadyside,8,7,42003070300,2,7,4,3-22
1910901085,211,1129909123,2019-06-11,2019-06-11,,954,Tuesday SPC video count,,,,,,,,-79.9619266,40.42706242,South Side Flats,3,16,42003160900,3,16,3,4-24
1920331937,57,951153209,2019-01-24,2019-01-27,5151,,,StatTrak,25,,30,82,36,40,-79.91268541,40.46014717,Larimer,9,12,42003120800,2,12,5,3-10
1922660255,104,,,,,,,,,,,,,,-79.91220792,40.44320727,Point Breeze,9,14,42003981100,3,14,4,2-18
1927765267,220,2128886737,2019-12-12,2019-12-24,4550,,3,StatTrak,25,,28,77,32,35,-79.95546822,40.44952206,North Oakland,8,4,42003562000,3,4,4,2-7
1931690242,95,670720124,2019-05-16,2019-05-28,,,3,StatTrak,25,,,,,,-79.99753526,40.38585034,Overbrook,4,32,42003320700,5,32,3,4-25
193365102,152,1397392243,2018-04-05,,,,,Intersection Study,,,,,,,-79.9173396,40.45747705,Larimer,9,12,42003120800,2,12,5,3-13
1937275532,15,1524870004,2018-10-18,2018-11-08,,88,,Tube,,,,,,,-79.95222986,40.44355804,North Oakland,8,4,42003982200,3,4,4,2-8
1944653312,214,,,,,,,,,,,,,,-79.92723824,40.41953524,Greenfield,5,15,42003151700,3,15,4,2-12
1949792833,34,423973251,2019-04-19,2019-04-26,13788,,5,StatTrak,25,,38,98,45,50,-79.87884462,40.45609866,East Hills,9,13,42003130600,2,13,5,3-17
1950996584,167,1709615411,2019-08-01,2019-08-09,5831,,1,StatTrak,25,,25,48,30,33,-80.01896038,40.43810096,Duquesne Heights,2,19,42003191100,5,19,3,4-1
1962477925,185,1815733444,2019-09-09,2019-09-17,1468,,5,StatTrak,25,,21,21,27,32,-80.02168961,40.39386195,Brookline,4,19,42003191800,5,19,6,4-26
1970919677,51,152378178,2018-12-28,2019-01-10,5787,,11,StatTrak,25,,28,68,32,36,-79.92516869,40.4710773,East Liberty,9,11,42003111300,2,11,5,3-9
197297885,44,1074767029,2018-12-11,2018-12-20,4301,,1,StatTrak,25,61,27,60,32,36,-80.01344591,40.43285323,Mount Washington,2,19,42003190300,5,19,3,4-1
1978276806,35,1470358683,,,,,,StatTrak,,,,,,,-79.89508807,40.46746757,Lincoln-Lemington-Belmar,9,12,42003561900,2,12,5,3-18
1991312704,109,1227701093,2019-06-14,2019-06-24,3304,,,StatTrak,25,,,60,31,35,-80.05406427,40.45416573,Sheraden,2,20,42003562500,5,20,6,1-16
1999344253,30,869081196,,,,,,StatTrak,,,,,,,-80.03886571,40.43751249,Elliott,2,20,42003562600,5,20,6,1-17
1999971120,28,821675395,2018-11-20,2018-11-29,1802,,1,StatTrak,25,60,28,71,32,35,-79.93023611,40.48119172,Morningside,7,10,42003101400,2,10,5,3-7
2010535291,32,349231465,2019-10-21,2019-10-29,1049,,1,StatTrak,25,,21,15,25,29,-79.95893404,40.45986096,Polish Hill,7,6,42003060500,6,6,2,2-6
2010764703,112,337528599,2019-06-28,2019-07-05,7579,,12,StatTrak,35,,34,40,39,43,-79.95056556,40.45414752,North Oakland,6,5,42003562000,3,5,4,2-23
2036930509,69,1766709460,2019-02-14,2019-02-19,7621,,6,StatTrak,25,,26,,32,37,-79.94232312,40.44625098,Squirrel Hill North,8,14,42003140100,3,14,4,2-26
2043200367,19,198025605,2018-09-21,2018-10-17,,,,Tube,,,,,,,-80.00353171,40.43277645,South Shore,3,19,42003980700,5,19,3,4-2
2049722358,5,788509482,2018-10-17,2018-10-29,4015,,,StatTrak,25,56,29,81,33,36,-80.01367658,40.43088376,Mount Washington,2,19,42003190300,5,19,3,4-1
2051810147,215,,,,,,,,,,,,,,-79.9714485,40.45971601,Strip District,7,6,42003020300,6,6,2,3-2
2081817713,16,1173781973,2018-10-18,2018-11-08,3580,,,Tube,,,,,,,-79.94878377,40.44199223,North Oakland,8,4,42003982200,3,4,4,2-8
2101056227,39,390219700,2018-06-25,2018-07-11,5327,,,StatTrak,25,49,21,10,24,28,-79.91887807,40.47948497,Highland Park,7,11,42003980100,2,11,5,3-9
2105934554,170,537629304,2019-08-01,2019-08-09,9075,,4,StatTrak,25,,32,91,37,40,-80.00697132,40.42044846,Mount Washington,2,19,42003191500,5,19,3,4-16
2140403077,89,1958633037,,,16711,,,StatTrak,25,,34,90,41,45,-79.98250998,40.45106102,Strip District,7,2,42003020300,6,2,2,2-3
2144656649,145,,,,,,,,,,,,,,-80.02346881,40.41684574,Beechview,4,19,42003191600,5,19,6,4-28
2146294802,194,1598450025,2019-12-12,2019-12-24,5015,,4,StatTrak,25,,32,94,36,39,-79.91097942,40.43563381,Squirrel Hill South,5,14,42003140800,3,14,4,2-21
227010728,90,1841997569,2019-01-14,2019-01-22,2305,,,StatTrak,25,,19,6,23,25,-79.99886586,40.43812771,Central Business District,6,1,42003020100,6,1,2,1-4
227082796,209,1717953508,2019-11-14,2019-12-02,995,,1,,25,,20,9,24,27,-79.91624686,40.47001795,Highland Park,7,11,42003110600,2,11,5,3-9
235210908,139,1849077535,2019-06-06,,,,,Intersection Study,,,,,,,-79.95373577,40.44320393,North Oakland,3,4,42003982200,3,4,4,2-7
249390037,166,,,,,,,,,,,,,,-79.946262,40.46212801,Bloomfield,7,8,42003080900,2,8,5,3-6
26685456,42,1014355185,,,,,,,,,,,,,-79.98255105,40.45456098,Strip District,7,2,42003020300,6,2,2,2-25
275496503,180,1511161277,2019-08-30,2019-09-09,317,,16,StatTrak,25,45,21,22,27,32,-79.92604991,40.46882391,East Liberty,9,11,42003111300,2,11,5,3-8
283927123,160,,,,,,,,,,,,,,-79.9599285,40.439268,Central Oakland,3,4,42003040500,3,4,4,2-14
286504681,119,378111062,2019-07-09,2019-07-18,,,4,StatTrak,25,,,,,,-79.916863,40.44124594,Squirrel Hill North,8,14,42003140300,3,14,4,2-18
300989656,147,1324522674,2019-10-21,2019-10-29,2436,,3,StatTrak,25,,30,85,34,37,-79.97742,40.40932501,St. Clair,3,16,42003561700,3,16,3,4-8
301291530,181,98475052,2019-09-09,2019-09-17,6943,,11,StatTrak,35,,33,26,37,40,-80.01776679,40.47042636,Perry South,6,26,42003261500,1,26,1,1-12
314332417,67,1277351795,2019-02-05,2019-02-14,1363,,,StatTrak,25,,17,9,23,28,-79.97778916,40.4365681,Bluff,6,1,42003010300,3,1,2,2-1
325834347,40,1847569204,2018-08-10,2018-08-17,338,,,StatTrak,25,45,23,,28,30,-80.03719351,40.43872645,Elliott,2,20,42003562600,5,20,6,1-17
335439540,135,2108033802,2019-07-18,2019-07-26,4354,,3,StatTrak,25,,25,41,29,33,-79.9235397,40.45919972,Shadyside,8,7,42003070800,2,7,4,3-11
340863639,94,9435374,2019-05-16,2019-05-28,,,1,StatTrak,25,,,,,,-79.98843731,40.39126208,Carrick,4,29,42003290400,3,29,3,4-23
345918218,195,,,,,,,,,,,,,,-79.97741025,40.40932007,St. Clair,3,16,42003561700,3,16,3,4-8
348266598,183,793526528,2019-09-09,2019-09-17,3302,,13,StatTrak,25,,35,97,40,43,-80.01384775,40.48801855,Perry North,1,26,42003260200,1,26,1,1-15
358321678,21,236359592,2018-09-21,2018-10-17,,,,,,,,,,,-80.00995024,40.44562784,North Shore,1,22,42003981200,6,22,1,1-7
364823086,6,109955947,2018-10-17,2018-11-08,,102,,Tube,,,,,,,-79.9519779,40.44357372,North Oakland,8,4,42003982200,3,4,4,2-8
370215367,178,305312914,2019-08-30,2019-09-09,483,,13,StatTrak,25,,26,51,33,37,-79.92909548,40.47153004,East Liberty,7,11,42003111300,2,11,5,3-8
37342806,141,,,,,,,,,,,,,,-79.977251,40.45822535,Strip District,7,6,42003020300,6,6,2,2-25
382839437,59,334434337,2019-05-01,2019-05-07,3827,,,StatTrak,25,,28,69,33,37,-79.91227235,40.46057165,Larimer,9,12,42003120800,2,12,5,3-12
41516750,161,,,,,,,,,,,,,,-79.945821,40.447503,Shadyside,8,7,42003070900,2,7,4,2-9
424435594,123,944115427,2019-05-20,,,,,Intersection Study,,,,,,,-79.97623766,40.45752252,Strip District,7,6,42003020300,6,6,2,3-2
428229895,25,845788920,2018-11-08,2018-11-14,382,,,StatTrak,25,43,16,0,20,24,-79.960275,40.43979142,Central Oakland,6,4,42003040500,3,4,4,2-14
435095238,102,,,,,,,,,,,,,,-79.92710128,40.42447666,Greenfield,5,15,42003151700,3,15,4,2-15
454488789,199,632149062,2019-11-04,2019-11-13,9600,,4,StatTrak,35,,33,32,38,41,-80.05070591,40.43335152,Westwood,2,28,42003563100,5,28,6,1-18
462461649,78,374364494,2019-03-22,2019-03-29,2386,,4,StatTrak,25,,27,65,32,36,-80.00926886,40.45110551,Allegheny Center,1,22,42003562700,1,22,1,1-7
495567113,105,1458021409,2019-06-13,2019-06-20,1270,,,StatTrak,25,,21,15,25,,-79.93721678,40.45957376,Bloomfield,7,8,42003080600,2,8,5,3-23
503144889,174,12984207,2019-08-09,2019-08-19,3427,,1,StatTrak,25,,35,97,40,43,-80.04435805,40.44894144,Elliott,2,20,42003562600,5,20,6,1-17
511073981,207,871644629,2019-11-14,2019-12-04,155,,6,StatTrak,25,,21,21,27,31,-79.91919042,40.47070028,Highland Park,7,11,42003110600,2,11,5,3-9
534535231,4,457410812,2018-10-17,2018-10-29,7619,,,StatTrak,25,71,32,94,34,36,-80.0140905,40.42962,Mount Washington,2,19,42003191400,5,19,3,4-1
552155483,79,1302989701,2019-03-22,2019-04-29,1924,,5,StatTrak,25,,24,38,29,32,-79.99704872,40.45771003,East Allegheny,1,23,42003563200,1,23,1,1-5
558341587,56,1046267212,2019-01-14,2019-01-22,936,,16,StatTrak,25,,22,24,27,32,-79.96103086,40.47503836,Central Lawrenceville,7,9,42003090100,2,9,2,3-3
559773473,41,726411339,2017-11-20,,,,,Intersection Study,,,,,,,-79.9528885,40.4636283,Bloomfield,7,9,42003090300,2,9,5,3-6
562963377,177,995469639,2019-08-30,2019-10-09,541,,11,StatTrak,25,,24,38,29,33,-79.91768838,40.43915109,Squirrel Hill North,5,14,42003140300,3,14,4,2-18
563226335,2,70105834,2019-09-24,2019-10-08,867,,5,StatTrak,25,,19,8,24,27,-79.947801,40.464072,Bloomfield,7,8,42003080900,2,8,5,3-6
583558220,213,1610564825,2019-06-11,2019-06-11,,1278,Tuesday SPC video data,,,,,,,,-79.95684514,40.42929208,South Oakland,3,4,42003980800,3,4,4,2-12
589731012,198,211963031,2019-11-04,2019-11-13,5800,,5,StatTrak,35,,40,87,45,48,-80.04611129,40.43825783,Westwood,2,28,42003562600,5,28,6,1-17
594098653,187,1074954009,2019-09-24,2019-10-08,719,,3,StatTrak,25,,21,11,25,27,-79.92598252,40.42405251,Squirrel Hill South,5,14,42003141400,3,14,4,2-15
596116859,70,1435552894,2019-02-14,2019-02-22,5859,,4,StatTrak,25,,30,83,35,38,-79.94271741,40.44877794,Shadyside,8,7,42003070900,2,7,4,3-22
597499467,163,,,,,,,,,,,,,,-79.9834994,40.45328303,Strip District,7,2,42003020300,6,2,2,2-25
607205051,129,1884276852,2019-07-01,,,,,Intersection Study,,,,,,,-79.97101147,40.46110505,Strip District,7,6,42003020300,6,6,2,3-2
609406388,204,424741047,2019-11-14,2019-11-22,1390,,2,StatTrak,25,,21,8,24,27,-79.92797767,40.44542381,Squirrel Hill North,8,14,42003140200,3,14,4,2-17
610049666,126,687814145,2019-05-09,,,,,Intersection Study,,,,,,,-80.0239777,40.4505028,Chateau,6,21,42003980600,1,21,1,1-8
615223154,175,1247630628,2019-08-09,2019-08-19,131,,4,StatTrak,25,,22,29,29,33,-80.07365573,40.45640109,Windgap,2,28,42003563000,5,28,6,1-16
617004784,188,1101847582,2019-09-24,2019-10-08,1183,,4,StatTrak,25,,19,6,23,26,-79.92610297,40.42109337,Squirrel Hill South,5,14,42003141400,3,14,4,2-15
626984277,127,744399552,2019-03-13,,,,,Intersection Study,,,,,,,-79.92335097,40.42959334,Squirrel Hill South,5,14,42003141400,3,14,4,2-21
627026154,162,,,,,,,,,,,,,,-79.9442732,40.45466833,Bloomfield,7,8,42003080400,2,8,5,2-23
633942490,1,1348699590,2018-12-28,2019-01-09,6513,,14,StatTrak,25,,34,97,39,43,-79.91215393,40.4431866,Point Breeze,9,14,42003981100,3,14,4,2-18
638221590,48,43884302,2019-09-24,2019-10-08,571,,,StatTrak,25,,19,8,24,95,-79.93387468,40.43666494,Squirrel Hill South,5,14,42003980500,3,14,4,2-21
643622454,120,469728564,2019-07-09,2019-07-18,,,3,StatTrak,25,,,,,,-79.9251926,40.44395674,Squirrel Hill North,8,14,42003140300,3,14,4,2-18
655507460,216,,,,,,,,,,,,,,-79.9452344,40.45993546,Bloomfield,7,8,42003080900,2,8,5,3-6
658228067,168,2069832401,2019-08-01,2019-08-09,4921,,2,StatTrak,25,,29,81,33,36,-80.01381925,40.43073623,Mount Washington,2,19,42003190300,5,19,3,4-1
706207575,97,1467628094,2019-05-16,2019-05-28,,,5,StatTrak,25,,,,,,-80.01562722,40.39425912,Brookline,4,19,42003191700,5,19,6,4-26
706404914,98,2058412732,2019-10-12,2019-10-21,1625,,2,StatTrak,25,,23,23,27,31,-79.99949288,40.393387,Brookline,4,32,42003320600,5,32,6,4-25
72320601,101,1352281779,2019-06-01,2019-06-11,2238,,,StatTrak,,,29,,34,37,-80.01752014,40.43229119,Mount Washington,2,19,42003190300,5,19,3,4-1
731272720,110,901449477,2019-06-14,2019-06-24,3876,,,StatTrak,25,,27,68,31,34,-80.05544829,40.45370317,Sheraden,2,20,42003202200,5,20,6,1-16
735958826,197,2014643189,2019-10-21,2019-10-29,777,,2,StatTrak,25,,26,58,31,34,-79.98978792,40.38262219,Overbrook,4,32,42003320400,5,32,3,4-23
736311994,121,1704999560,2019-07-09,2019-07-26,929,,5?,StatTrak,25,,22,25,27,31,-79.89519209,40.44343621,Point Breeze,9,14,42003140600,3,14,4,3-14
742086325,86,1760887247,2019-04-18,2019-04-26,5663,,1,StatTrak,25,,24,36,28,31,-79.96410968,40.45818056,Polish Hill,7,6,42003060500,6,6,2,2-6
743292552,64,500747930,2019-02-05,2019-02-14,,,,StatTrak,,,,,,,-79.9827432,40.43616593,Bluff,6,1,42003010300,3,1,2,2-1
743497140,93,943727004,2019-05-16,2019-05-28,,,2,StatTrak,,,,,,,-79.99008016,40.38958486,Carrick,4,29,42003290400,3,29,3,4-23
772514898,186,999716292,2019-08-30,2019-09-09,4254,,4,StatTrak,25,,30,83,35,38,-79.93040579,40.4717683,East Liberty,9,11,42003111300,2,11,5,3-8
802597781,158,,,,,,,,,,,,,,-79.928802,40.46659201,East Liberty,9,11,42003111500,2,11,5,3-8
833145460,58,486368234,2019-05-01,2019-05-08,6747,,,StatTrak,25,,27,64,32,36,-79.91261299,40.45995942,Larimer,9,12,42003120800,2,12,5,3-10
836677742,91,1836746369,2018-12-04,2018-12-07,927,,,StatTrak,25,,19.3,0,19.5,19.8,-79.9581303,40.45578027,Upper Hill,6,5,42003050600,3,5,2,2-22
845176518,191,1670061854,2019-10-14,2019-10-21,1107,,11,StatTrak,25,,23,33,23,32,-79.89650287,40.44068644,Point Breeze,9,14,42003140600,3,14,4,3-14
845300324,63,1060785814,2019-02-05,2019-02-14,2547,,2,StatTrak,25,,20,12,25,28,-79.98436862,40.4361006,Bluff,6,1,42003010300,3,1,2,2-4
856876185,77,675961298,2019-03-22,2019-03-31,23,,3,StatTrak,25,,14,0,17,,-80.01294617,40.45661205,Central Northside,1,22,42003220600,1,22,1,1-21
857278686,27,1738651448,2018-11-20,2018-11-29,2475,,,StatTrak,25,59,24,40,29,32,-79.92530461,40.48692397,Morningside,7,10,42003101400,2,10,5,3-7
881392986,107,757964277,2019-06-13,2019-06-20,1231,,,StatTrak,25,,21,10,25,,-79.92819115,40.48115579,Morningside,7,10,42003101400,2,10,5,3-7
886617272,29,810841420,,,,,,StatTrak,,,,,,,-80.03777271,40.43797182,Elliott,2,20,42003562600,5,20,6,1-17
888525454,201,600630272,2019-11-04,2019-11-13,,,6,StatTrak,25,,21,17,26,29,-79.92717887,40.45150195,Shadyside,8,7,42003070600,2,7,4,3-11
906694669,210,1566003055,2019-06-11,2019-06-11,,892,Tuesday SPC Video count,,,,,,,,-79.96306663,40.42832794,South Side Flats,3,16,42003160900,3,16,3,4-24
919072428,136,2104195251,2019-10-08,2019-10-15,7700,,6,StatTrak,25,,32,81,37,40,-79.91802458,40.46058382,East Liberty,9,12,42003111500,2,12,5,3-10
92152273,193,267047974,2019-12-12,2019-12-24,5262,,1,StatTrak,25,,25,49,30,35,-79.91045413,40.43763509,Squirrel Hill South,5,14,42003980300,3,14,4,2-21
938626817,172,1989358980,2019-08-01,2019-08-09,,,6,StatTrak,,,,,,,-79.99064237,40.3864772,Carrick,4,29,42003290400,3,29,3,4-23
945509221,53,1316151566,2019-01-14,2019-01-22,5850,,12,StatTrak,25,,22,21,27,31,-79.96265897,40.47074741,Central Lawrenceville,7,9,42003090100,2,9,2,3-3
947828592,66,1764794992,2019-02-05,2019-02-14,,,,StatTrak,,,,,,,-79.98160863,40.43614347,Bluff,6,1,42003010300,3,1,2,2-1
956529597,153,2008214585,2018-06-27,,,,,Intersection Study,,,,,,,-79.98406358,40.45235838,Strip District,7,2,42003020300,6,2,2,2-3
963269671,142,,,,,,,,,,,,,,-79.90429,40.41988,Swisshelm Park,5,14,42003141100,3,14,4,2-19
969791742,203,21253671,2019-11-04,2019-11-13,766,,1,StatTrak,25,,20,11,24,28,-79.93247992,40.45062189,Shadyside,8,7,42003070300,2,7,4,3-22
977387533,96,1988657290,2019-05-16,2019-05-28,,,4,StatTrak,25,,,,,,-80.00567637,40.38843812,Brookline,4,32,42003320600,5,32,6,4-25
979579410,54,732845995,2019-01-14,2019-01-22,573,,13,StatTrak,25,,18,4,22,25,-79.96410468,40.47152482,Central Lawrenceville,7,9,42003090100,2,9,2,3-3
980353019,219,685222674,2019-11-22,2019-12-04,2150,,5,StatTrak,25,,28,73,34,49,-79.93528241,40.47356601,Stanton Heights,9,10,42003100500,2,10,5,3-7
983997146,113,1721221853,2019-06-28,2019-07-05,15000,,13,StatTrak,35,,29,,35,39,-79.94134444,40.45609443,Bloomfield,7,8,42003080400,2,8,5,3-1
990099842,88,,,,,,,,,,,,,,-79.99912584,40.43778315,Central Business District,6,1,42003020100,6,1,2,1-4
992607449,157,,,,,,,,,,,,,,-79.9315695,40.45833,East Liberty,7,8,42003111500,2,8,5,3-11
995190042,205,112841430,2019-11-14,2019-11-22,1316,,5,StatTrak,25,,25,50,30,32,-79.92986334,40.43559683,Squirrel Hill South,5,14,42003141300,3,14,4,2-21
1390951989,223,34971343,2019-12-30,2020-01-14,450,,3,StatTrak,25,,20,11,24,28,-80.02596555,40.45295851,Manchester,6,21,42003210700,1,21,1,1-8
1787114552,226,898910124,2019-12-30,2020-01-14,877,,1,StatTrak,25,,23,29,28,32,-80.00902355,40.45646362,Central Northside,1,22,42003220600,1,22,1,1-21
2137013195,221,2090543825,2019-12-30,2020-01-14,477,,2,StatTrak,25,,20,11,24,28,-80.01681888,40.45270551,Allegheny West,1,22,42003562700,1,22,1,1-7
45033818,224,632421281,2019-12-30,2020-01-14,384,,6,StatTrak,25,,21,17,26,32,-80.02443778,40.45322719,Manchester,6,21,42003210700,1,21,1,1-8
619209258,225,1008926761,2019-12-30,2020-01-14,1043,,5,StatTrak,25,,24,34,28,32,-80.02830301,40.47246526,Marshall-Shadeland,1,27,42003271500,1,27,1,1-14
631180472,222,289077370,2019-12-30,2020-01-14,1105,,4,StatTrak,25,,21,21,27,33,-80.02041849,40.45511379,Manchester,6,21,42003210700,1,21,1,1-8
276865270,227,2030304291,2020-01-23,2020-01-31,334,,6,StatTrak,25,,21,20,27,31,-79.9664035,40.46525641,Lower Lawrenceville,7,6,42003060300,2,6,2,3-3
1533656734,228,228469783,2020-01-23,2020-01-31,3138,,1,StatTrak,25,,28,65,33,37,-79.96724479,40.46516856,Lower Lawrenceville,7,6,42003060300,2,6,2,3-3
2099401196,229,1991979153,2020-01-23,2020-01-31,5921,,3,StatTrak,25,,25,44,30,37,-79.97151973,40.46098888,Strip District,7,6,42003020300,6,6,2,3-2
1084152705,230,1951529248,2020-01-23,2020-01-31,1036,,4,StatTrak,25,,20,14,25,29,-79.92426331,40.43582877,Squirrel Hill South,5,14,42003141300,3,14,4,2-21
422288517,231,1246031363,2020-01-23,2020-01-31,463,,2,StatTrak,25,,27,62,32,36,-79.91769609,40.4248555,Squirrel Hill South,5,14,42003141400,3,14,4,2-21
2109407346,232,2062678770,2020-01-17,2020-01-24,1328,,5,StatTrak,25,,28,73,32,35,-80.01226277,40.4851894,Perry North,1,26,42003260700,1,26,1,1-15
373163087,233,411197110,2020-02-05,2020-02-13,223,,4,StatTrak,25,,20,14,25,32,-79.92337727,40.42157076,Squirrel Hill South,5,14,42003141400,3,14,4,2-15
1908186545,234,895575392,2020-02-05,2020-02-13,1446,,Check Radar,StatTrak,25,,28,72,32,35,-80.02501879,40.41892104,Beechview,4,19,42003191600,5,19,6,4-28
1153517202,235,,,,,,,,,,,,,,-79.97892764,40.4227748,South Side Slopes,3,17,42003170600,3,17,3,4-3
1073085531,236,76537931,2020-02-05,2020-02-13,1231,,5,StatTrak,20,,24,80,29,32,-79.97155373,40.42283983,South Side Slopes,3,16,42003160800,3,16,3,4-22
1471518402,237,427738533,2020-02-05,2020-02-13,2224,,3,StatTrak,25,,28,73,32,35,-79.9773935,40.41781495,Arlington,3,16,42003160800,3,16,3,4-22
1425434092,238,821450226,2020-02-05,2020-02-13,2347,,1,StatTrak,25,,25,50,30,34,-79.97419563,40.41728605,Arlington,3,16,42003561600,3,16,3,4-22
695774116,239,1866996667,2020-02-05,2020-02-13,868,,2,StatTrak,25,,21,13,25,29,-79.99004485,40.38951511,Carrick,4,29,42003290400,3,29,3,4-23
757372218,240,86803959,2020-02-14,2020-02-22,5357,,5,StatTrak,25,,29,78,35,39,-79.89986633,40.45821247,Homewood North,9,13,42003130300,2,13,5,3-17
1674924052,241,661669417,2020-02-14,2020-02-22,6446,,6,StatTrak,25,,31,87,36,40,-79.90015639,40.45728166,Homewood South,9,13,42003130300,2,13,5,3-17
1968083477,242,1451739989,2020-02-14,2020-02-22,3819,,1,StatTrak,25,,24,37,29,32,-79.90118099,40.45542852,Homewood South,9,13,42003130300,2,13,5,3-17
1206641937,243,1116951503,2020-02-14,2020-02-22,2253,,3,StatTrak,25,,29,75,34,38,-79.90102988,40.45638085,Homewood South,9,13,42003130300,2,13,5,3-17
1624270451,244,1558284736,2020-02-14,2020-02-22,2651,,4,StatTrak,25,,30,81,36,39,-79.89907723,40.45228261,Point Breeze North,9,14,42003140500,2,14,4,3-14
1788338498,245,1524542857,2020-02-14,2020-02-22,7277,,2,StatTrak,25,,32,95,37,41,-79.89358943,40.44935164,Point Breeze North,9,14,42003140500,2,14,4,3-14
412595515,246,168158378,2020-03-03,2020-03-11,,,1,StatTrak,25,,,,,,-79.91486777,40.45162043,Point Breeze,8,14,42003140400,3,14,4,2-17
188614060,247,1949557608,2020-03-03,2020-03-11,,,2,StatTrak,25,,,,,,-79.91212119,40.4493181,Point Breeze,8,14,42003140400,3,14,4,2-17
149692142,248,485207398,2020-03-03,2020-03-11,,,4,StatTrak,25,,,,,,-79.90885425,40.44824039,Point Breeze,8,14,42003140600,3,14,4,3-14
1831921949,249,503027751,2020-03-03,2020-03-11,,,6,StatTrak,25,,,,,,-79.90204144,40.44799545,Point Breeze,9,14,42003140600,3,14,4,3-14
1071105336,250,1587325508,2020-03-04,2020-03-12,,,5,StatTrak,,,,,,,-79.97607339,40.41703426,Arlington,3,16,42003561600,3,16,3,4-22
211740980,251,1468820472,2020-03-04,2020-03-12,,,3,StatTrak,,,,,,,-79.97599721,40.417567,South Side Slopes,3,16,42003160800,3,16,3,4-22
1569746323,252,2083972553,2020-03-19,2020-03-27,,,6,StatTrak,,,,,,,-79.94855466,40.46222049,Bloomfield,7,8,42003080900,2,8,5,3-6
181242809,253,1002358491,2020-03-19,2020-03-27,,,2,StatTrak,,,,,,,-79.94829475,40.46510432,Bloomfield,7,9,42003080900,2,9,5,3-6
1191932721,254,876365385,2020-03-19,2020-03-27,,,5,,,,,,,,-79.97917022,40.42216775,South Side Slopes,3,17,42003170600,3,17,3,4-3
1613398642,255,97073868,2020-03-19,2020-03-27,,,3,StatTrak,,,,,,,-80.00249215,40.42253654,Mount Washington,3,18,42003180700,5,18,3,4-5
1120210172,256,1974939792,2020-03-19,2020-03-27,,,1,StatTrak,,,,,,,-80.02134971,40.45876079,California-Kirkbride,6,21,42003250700,1,21,1,1-9
1498975372,257,1295352317,2020-03-19,2020-03-27,,,4,StatTrak,,,,,,,-80.01060446,40.47058702,Perry South,6,26,42003261400,1,26,1,1-23
1789153149,258,1003248000,2020-08-21,2020-08-31,3702,,#2,StatTrak,25,,33,97,38,41,-79.9193171,40.4210525,Squirrel Hill South,5,14,42003141400,3,14,4,2-15
1476877637,259,264167988,2020-08-21,2020-08-28,175,,#1,StatTrak,,,23,,29,32,-79.91485617,40.43550166,Squirrel Hill South,5,14,42003140800,3,14,4,2-21
793543075,260,1597773420,2020-09-02,2020-09-10,346,,#1,StatTrak,,,21,,26,29,-79.92116942,40.47357505,Highland Park,7,11,42003110200,2,11,5,3-9
1599865645,261,830991831,2020-09-02,2020-09-10,393,,#2,StatTrak,,,21,,26,29,-79.92007374,40.47537361,Highland Park,7,11,42003110200,2,11,5,3-9
799096979,262,1169829155,2020-09-04,2020-09-11,79,,#5,StatTrak,25,,15,,18,21,-79.94695283,40.46512943,Bloomfield,7,8,42003080900,2,8,5,3-6
450517570,263,922974279,2020-08-28,2020-09-08,493,,#4,StatTrak,,,23,,27,29,-80.00827709,40.38761838,Brookline,4,32,42003191800,5,32,6,4-25
111651765,264,2131302388,2020-09-16,2020-09-24,1713,,#1,StatTrak,,,25,,31,34,-79.94659232,40.46458393,Bloomfield,7,8,42003080900,2,8,5,3-6
950865722,265,1160607646,2020-09-16,2020-09-24,77,,#2,StatTrak,,,16,,21,25,-79.94889466,40.46544568,Bloomfield,7,9,42003090300,2,9,5,3-6
1322907977,266,2037369760,2020-09-29,2020-10-07,450,,#4,StatTrak,25,66,32,84,38,43,-79.96181268,40.45666994,Polish Hill,7,6,42003060500,3,6,2,2-24
1148857711,267,866628456,2020-09-29,2020-10-07,403,,#5,StatTrak,25,53,27,58,33,36,-79.95823663,40.45833334,Upper Hill,6,5,42003060500,3,5,2,2-24
1747903211,268,1990052827,2020-09-29,2020-10-08,434,,#3,StatTrak,,,21,,26,29,-79.98463267,40.39480996,Carrick,4,29,42003290200,3,29,3,4-12
1271744444,269,903509181,2020-09-24,2020-10-02,58,,#6,StatTrak,,,17,,22,27,-79.92284404,40.46883801,East Liberty,9,11,42003111300,2,11,5,3-8
129759562,270,1173026235,2020-07-15,2020-07-23,630,,,StatTrak,,,20,,23,25,-79.91890991,40.47721007,Highland Park,7,11,42003110200,2,11,5,3-9
428626891,271,599138140,2020-07-15,2020-07-23,765,,,StatTrak,,,21,,25,30,-79.91879726,40.4771611,Highland Park,7,11,42003110200,2,11,5,3-9
49936170,272,217811209,2020-07-06,2020-07-15,447,,,StatTrak,,,24,,29,33,-79.98265596,40.38844253,Carrick,4,29,42003290400,3,29,3,4-15
356579717,273,371928739,2020-07-15,2020-07-23,240,,,StatTrak,,,19,,24,27,-79.98024734,40.39179289,Carrick,4,29,42003290400,3,29,3,4-15
1197544687,274,876907650,2020-07-06,2020-07-14,421,,,StatTrak,,,21,,26,30,-79.9217699,40.47252006,Highland Park,7,11,42003110200,2,11,5,3-9
756230800,275,1042493214,2020-07-15,2020-07-23,1577,,,StatTrak,,,23,,29,33,-80.00243993,40.42175003,Beltzhoover,3,18,42003562400,5,18,3,4-5
550216999,276,860508874,2020-07-06,2020-07-15,79,,,StatTrak,,,20,,25,29,-79.92197383,40.47025672,Highland Park,7,11,42003110200,2,11,5,3-9
1485225020,277,932056673,2020-07-06,2020-07-15,410,,,StatTrak,,,22,,27,31,-79.92325325,40.47211761,Highland Park,7,11,42003110200,2,11,5,3-9
518712801,278,1302109006,2020-07-27,2020-08-04,338,,,StatTrak,,,17,,21,25,-79.94591523,40.46490639,Bloomfield,7,8,42003080900,2,8,5,3-6
255361105,279,39803703,2020-07-27,2020-08-04,439,,,StatTrak,,,20,,25,31,-79.93416179,40.46259636,Friendship,9,8,42003080700,2,8,5,3-23
967589290,280,2015844570,2020-07-27,2020-08-04,377,,,StatTrak,,,19,,24,28.2,-79.93953694,40.46372282,Bloomfield,7,8,42003080900,2,8,5,3-23
1488834790,281,1844845892,2020-07-27,2020-08-04,305,,,StatTrak,,,24,,29,32,-79.90525948,40.44609087,Point Breeze,9,14,42003140600,3,14,4,3-14
995942627,282,1710930717,2020-07-27,2020-08-04,4732,,,StatTrak,,,32,,37,40,-79.91870003,40.46439187,East Liberty,9,11,42003111500,2,11,5,3-10
54863761,283,125626905,2020-07-27,2020-08-04,5804,,,StatTrak,,,33,,38,41,-79.91824673,40.46446534,Larimer,9,12,42003120800,2,12,5,3-10
1772898101,284,1809645121,2020-08-06,2020-08-14,3117,,,StatTrak,,,35,,41,45,-80.03547017,40.46880982,Marshall-Shadeland,1,27,42003271500,1,27,1,1-14
768305302,285,1819743631,2020-08-06,2020-08-14,2679,,,StatTrak,,,35,,41,45,-80.03866736,40.4741476,Brighton Heights,1,27,42003270300,1,27,1,1-14
448047523,286,1528757788,2020-08-07,2020-08-14,5259,,,StatTrak,,,37,,43,48,-80.02850145,40.46115005,California-Kirkbride,6,21,42003210700,1,21,1,1-9
1142659093,287,1490013197,2020-08-06,2020-08-06,8112,,,StatTrak,,,30,,35,39,-79.95666167,40.44954575,North Oakland,8,4,42003562000,3,4,4,2-23
1131354794,288,1831132941,2020-08-07,2020-08-14,579,,,StatTrak,,,28,,33,37,-80.00918142,40.40218727,Brookline,4,19,42003191700,5,19,6,4-26
1507531891,289,1274441265,2020-08-07,2020-08-14,8429,,,StatTrak,,,35,,41,45,-80.02766265,40.46441817,Marshall-Shadeland,1,27,42003270400,1,27,1,1-9
1193077063,290,185718524,2020-08-28,2020-09-08,567,,,StatTrak,,,23,,27,30,-80.01293626,40.3897406,Brookline,4,19,42003191800,5,19,6,4-26
1290494208,291,336694800,2020-08-28,2020-09-08,277,,#6,StatTrak,,,26,,31,34,-80.02245273,40.38884988,Brookline,4,19,42003191800,5,19,6,4-26
1210892177,292,1907761525,2020-09-15,2020-09-23,2770,,,StatTrak,,,38,,43,46,-80.01360379,40.48786252,Perry North,1,26,42003260700,1,26,1,1-15
1031619422,293,2039426244,2020-09-15,2020-09-23,177,,,StatTrak,,,21,,28,33,-80.01430335,40.48696945,Perry North,1,26,42003260700,1,26,1,1-15
785478146,294,803211323,2020-09-15,2020-09-23,1226,,,StatTrak,,,29,,34,37,-79.98822297,40.473502,Spring Garden,1,26,42003241200,1,26,1,1-11
1447326289,295,111179609,2020-09-15,2020-09-23,945,,,StatTrak,,,23,,29,32,-80.027661,40.47003801,Marshall-Shadeland,1,27,42003271500,1,27,1,1-14
1238476148,296,1524260833,2020-02-14,2020-02-22,6446,,,StatTrak,,,31,,36,40,-79.89349606,40.45567614,Homewood South,9,13,42003130300,2,13,5,3-17
427254216,297,1574024593,2020-02-14,2020-02-22,5357,,,StatTrak,,,29,,35,39,-79.89286851,40.45656534,Homewood South,9,13,42003130300,2,13,5,3-17
1624280389,298,1681154440,2020-02-14,2020-02-22,3819,,,StatTrak,,,24,,29,32,-79.89475251,40.45396124,Homewood South,9,13,42003130300,2,13,5,3-17
318972132,299,1479047291,2020-02-14,2020-02-22,2253,,,StatTrak,,,29,,34,38,-79.89380242,40.45474616,Homewood South,9,13,42003130300,2,13,5,3-17
1282562954,300,741491457,2020-02-14,2020-02-22,7277,,,StatTrak,,,32,,37,41,-79.89111527,40.45286614,Homewood South,9,13,42003130400,2,13,5,3-17
1102956184,301,1734336793,2020-02-14,2020-02-22,2651,,,StatTrak,,,30,,36,39,-79.89774569,40.45444177,Homewood South,9,13,42003130300,2,13,5,3-17
806927494,302,968047295,2019-11-14,2019-12-02,317,,,StatTrak,,,22,,27,30,-79.91792948,40.47080132,Highland Park,7,11,42003110600,2,11,5,3-9
1215979940,303,310322564,2019-11-22,2019-12-02,4016,,,StatTrak,,,33,,37,40,-79.93759535,40.48126172,Stanton Heights,9,10,42003100500,2,10,5,3-7
699716104,304,1070642071,,,10001,,,StatTrak,,,27,,32,35,-79.9212985,40.44382105,Squirrel Hill North,8,14,42003140300,3,14,4,2-18
72946739,305,2017245451,2020-10-06,,,,6,StatTrak,,,,,,,-79.95927762,40.46754854,Central Lawrenceville,7,9,42003090200,2,9,2,3-3
749666891,306,734320697,2020-09-29,2020-10-08,7119,,2,StatTrak,,,29,,34,37,-79.99445701,40.41411303,Knoxville,3,30,42003300100,5,30,3,4-7
33843989,307,1371902444,2020-09-29,2020-10-08,263,,1,StatTrak,,,23,,28,31,-80.04074993,40.44259004,Elliott,2,20,42003562600,5,20,6,1-17
723046862,308,866451140,2020-10-14,2020-10-22,799,,3,StatTrak,,,20,,28,32,-79.92441255,40.43681766,Squirrel Hill South,5,14,42003141300,3,14,4,2-21
1747387604,309,1970095666,2020-10-08,2020-10-17,1061,,5,StatTrak,25,61,25,48,30,33,-80.02849077,40.47274658,Marshall-Shadeland,1,27,42003271500,1,27,1,1-14
1378444744,310,1663677069,2020-10-06,2020-10-14,900,,6,StatTrak,25,49,22,27,28,32,-79.95850965,40.46683292,Central Lawrenceville,7,9,42003090200,2,9,2,3-3
410602600,311,1431627012,2020-10-27,,,,2,StatTrak,,,,,,,-80.02464896,40.45228501,Manchester,6,21,42003210700,1,21,1,1-8
401135888,312,1645819786,2020-10-27,,,,3,StatTrak,,,,,,,-80.01674181,40.45370554,Central Northside,1,22,42003220600,1,22,1,1-7
763158204,313,1388162811,2020-10-27,,,,5,StatTrak,,,,,,,-79.99323602,40.40280999,Carrick,4,29,42003290100,3,29,3,4-23
1177739956,314,244677539,2020-10-27,,,,4,StatTrak,,,,,,,-80.02234,40.49200899,Perry North,1,26,42003260200,1,26,1,1-15
2034185540,316,190985760,2020-10-17,2020-10-27,6291,,4,StatTrak,25,70,30,81,35,38,-79.9795506,40.42154758,South Side Slopes,3,17,42003170600,3,17,3,4-3
